{
  "algo": {
    "k_closest_count": 3,
    "perplexity": 70,
    "bfs_level": 1,
    "gfd_calc": "Concatenate",
    "beta": 0.0,
    "gamma": 0.1,
    "anchor_rate": 1.0,
    "dynamic_lambda": 0.1
  },
  "thesne": {
    "data_name": "10_cluster_contract",
    "pts_size": 2000,
    "norm": false,
    "data_ids": [1, 3, 6, 9],
    "data_dims": [100, 100, 100, 100, 100, 100, 100, 100, 100, 100],
    "data_titles": [
      "t=0",
      "t=1",
      "t=2",
      "t=3",
      "t=4",
      "t=5",
      "t=6",
      "t=7",
      "t=8",
      "t=9"
    ]
  },
  "draw": {
    "color_map": [
      "#aecde1",
      "#3b77af",
      "#bbdd93",
      "#559d3f",
      "#ee9f9c",
      "#d1352b",
      "#c6b3d4",
      "#644195",
      "#FEE08B",
      "#a65e34"
    ],
    "roi_cluster_labels": [
      "0.000000000000000000e+00",
      "1.000000000000000000e+00",
      "2.000000000000000000e+00",
      "3.000000000000000000e+00",
      "4.000000000000000000e+00",
      "5.000000000000000000e+00",
      "6.000000000000000000e+00",
      "7.000000000000000000e+00",
      "8.000000000000000000e+00",
      "9.000000000000000000e+00"
    ]
  }
}
